"id","name"
"1","default"
"2","NoEscalation"
"5","PD: infra.platform"
"7","PD: infra.platform.adsync"
"8","PD: infra.platform.aws"
"9","PD: infra.platform.backup"
"10","PD: infra.platform.core.windows"
"11","PD: infra.platform.database"
"12","PD: infra.platform.dhcp"
"13","PD: infra.platform.dns"
"14","PD: infra.platform.kemp"
"16","PD: infra.platform.kemp.exchange"
"17","PD: infra.platform.kemp.vdi"
"18","PD: infra.platform.linux"
"19","PD: infra.platform.storage"
"20","PD: infra.platform.vmware"
"21","PD: infra.platform.web"
"23","PD: sre.observability"
"24","PD: credit.mik"
"25","PD: realestate.equity.rhe-api"
"26","PD: credit.risk.infrastructure"
"27","PD: ch.grafana.pd.infra.observability.gel.dev"
"28","PD: ch.grafana.pd.infra.network"
"29","PD: realestate.credit.krest.bny-transmit"
"30","PD: infra.itsm.snow.dev.test.service"
"31","PD: investment.systems.insurance"
"32","PD: observability.email.test"
"33","PD: epe.conflictCentral"
"34","PD: ch.terraform.pd.credit.risk.risk-qa-framework"
"35","PD: credit.risk"
"36","PD: infra.emea.service"
"37","PD: private.refdata"
"38","PD: realestate.credit.krest-dashboard"
"39","PD: credit.dlm.noncritical"
"40","PD: credit.mik.private_market_pricing"
"41","PD: ch.grafana.pd.privateMarkets.Centrals.test"
"42","PD: realestate.credit.data.trimont"
"43","PD: ch.grafana.credit.risk.activeBatch"
"44","PD: ch.snow.pagerDuty.ted.infra.itsm.servicenow.issues"
"45","PD: credit.everest"
"46","PD: service_Delivery_Another_Example"
"47","PD: private.investment.systems"
"48","PD: credit.security.master"
"49","PD: infra.platform.aws.test"
"50","PD: infra.geus.thinclient"
"51","PD: realestate.credit.data.dbt"
"52","PD: credit.atom"
"53","PD: realestate.credit.krest.bny-fundstation"
"54","PD: credit.treasury"
"55","PD: realestate.credit.data.etl.mountstreet"
"56","PD: infra.observability.test"
"57","PD: epe.leadSheet"
"58","PD: infra.observability"
"59","PD: ch.grafana.credit.risk.analyticsrequestor"
"60","PD: technology.datalake.infra"
"61","PD: technology.infosec.secOps"
"62","PD: credit.performance"
"63","PD: infra.platform.omnissa"
"64","PD: technology.infosec.RQ_callout"
"65","PD: sn:servicenow_paging"
"66","PD: pipeline.delivery.service.default"
"67","PD: realestate.credit.data.gacml"
"68","PD: technology.datalake.rds"
"69","PD: private.grc"
"70","PD: ch.email.pd.infosec.leaders"
"71","PD: realestate.cmbs.data.dbt_cmbs"
"72","PD: realestate.credit.krest.mik-transmit"
"73","PD: ch.grafana.pd.public.risk.factset"
"74","PD: credit.powerautomate"
"75","PD: infra.observability.test.db_admin_layer"
"76","PD: private.invest.portfolio"
"77","PD: infra.geu.engineering"
"78","PD: privateMarkets.centrals"
"79","PD: infra.network"
"80","PD: realestate.credit.krest.bny-eagle"
"81","PD: credit.emea"
"82","PD: credit.cashtrading"
"83","PD: infra.observability.gme"
"84","PD: infra.observability.test.application_layer"
"85","PD: credit.abf"
"86","PD: ch.grafana.pd.infra.observability.general"
"87","PD: credit.geneva"
"88","PD: infra.geus"
"89","PD: realestate.credit.data.midland"
"90","PD: realestate.credit.data.situs"
"91","PD: credit.equities.infrastructure"
"92","PD: ch.grafana.credit.risk.web"
"93","PD: realestate.credit.data.kstar"
"94","PD: credit.finance"
"95","PD: client-systems.onboarding"
"96","PD: privatemarkets.investran"
"97","PD: credit.aime"
"98","PD: realestate.credit.data.berkadia"
"99","PD: realestate.credit.reports.portfolio"
"100","PD: ch.email.pd.privateMarkets.lpPortal.incident"
"101","PD: public.risk.mik"
"102","PD: infra.observability.test.infra_layer"
"103","PD: realestate.cmbs.real-insight.submission"
"104","PD: credit.risk.luis.test"
"105","PD: privateMarkets.rioIntegration"
"106","PD: ch.jira.pd.privateMarkets.lpPortal.incident"
"107","PD: ch.grafana.pd.infra.observability.gel"
"108","PD: ch.grafana.pd.infra.observability.ep"
"109","PD: infra.iam"
"110","PD: infra.observability.uat"
"111","PD: realestate.cmbs.real-insight.ingest"
"112","PD: credit.everest.dbsupport"
"113","PD: realestate.credit.krest.bny-cash"
"114","PD: infra.itsm"
"115","PD: ch.grafana.pd.infra.observability.noData"
"116","PD: ch.grafana.pd.public.risk.riskMetrics"
"117","PD: ch.grafana.pd.infra.windows.exchange"
"118","PD: ch.email.pd.infra.observability.testResponsePlays"
"119","PD: credit.dlm"
"120","PD: credit.risk.risk"
"121","PD: pipeline.delivery.service.snow"
"122","PD: ch.grafana.pd.credit.risk.k8s"
"123","PD: credit.forte"
"124","PD: sre.regional.commanders"
"125","PD: realestate.credit.krest.gva-positions"
"126","PD: private.processengineering.appian"
"127","PD: hcl.noc"
"128","PD: realestate.credit.krest.bny-nexen"
"129","PD: realestate.credit.loans-api"
"130","PD: delivery_test_service"
"131","PD: ch.terraform.pd.credit.risk.mikpublisher.mikpublisher-he"
"132","PD: ch.grafana.pd.capitalMarket.lpPortal.notificationsProd"
"133","PD: ch.terraform.pd.credit.risk.mikpublisher.mikpublisher-asset"
"134","PD: ch.terraform.pd.credit.risk.mikpublisher.mikpublisher-issuer"
"135","PD: infra.platform.moveit"
